,precision,recall,f1-score,support
0,0.8806161745827985,0.9326988443235894,0.9059095411026742,1471.0
1,0.9570093457943926,0.6657997399219766,0.7852760736196319,769.0
2,1.0,1.0,1.0,423.0
3,0.8242784380305602,0.8356282271944923,0.82991452991453,1162.0
4,0.5411585365853658,0.6761904761904762,0.6011854360711261,525.0
accuracy,0.8351724137931035,0.8351724137931035,0.8351724137931035,0.8351724137931035
macro avg,0.8406124989986236,0.822063457526107,0.8244571161415924,4350.0
weighted avg,0.8497118060749453,0.8351724137931035,0.8366559248904727,4350.0
