,precision,recall,f1-score,support
0,0.9325691166554282,0.9401767505098573,0.936357481381178,1471.0
1,0.8243589743589743,0.8361508452535761,0.8302130406714009,769.0
2,1.0,1.0,1.0,423.0
3,0.8261224489795919,0.8709122203098106,0.847926267281106,1162.0
4,0.6583143507972665,0.5504761904761905,0.5995850622406639,525.0
accuracy,0.8620689655172413,0.8620689655172413,0.8620689655172413,0.8620689655172413
macro avg,0.8482729781582522,0.8395432013098869,0.8428163703148697,4350.0
weighted avg,0.8584621935092037,0.8620689655172413,0.8595145203781641,4350.0
